x,y,label
-0.02429738377081549,0.3645344890332625,1
-1.5634779478686884,0.6857490352746618,0
-0.44997038186464916,-1.0757359586452324,0
-0.31790654862846257,-0.8670052563234263,1
0.6159794225754956,1.1289722927208916,0
-0.2709281301578081,-0.9289891671305796,1
1.0659802307876436,0.15704856744534462,0
-0.46940234020272387,0.01249411872768743,1
-0.5873207627637789,0.010985513527525621,1
-0.22153611573080054,0.6474846907094743,1
1.7396480419310116,-0.482232478702921,0
2.003509410401342,0.8241996197958629,0
-2.001545744438679,-0.5431708310561139,0
0.2637172043565196,0.05246679835624363,1
0.09235403825445808,-1.9209159258951816,0
-0.9851580323108263,-0.8608416785235702,0
-1.150864509185567,-0.08787674241562057,0
-0.24527784594210975,0.777337576061744,1
0.0603859284244171,-1.3026521168344645,0
0.6181907146653008,1.5518801201224885,0
-0.17961141383145854,0.19677609665695725,1
0.5211672557321126,-0.265838791915379,1
0.612965380474599,-0.14098789744441861,1
1.1300993164045137,0.6140991771126236,0
-1.1841283318982723,0.08650554192146179,0
0.8351112459145785,0.35687105914950934,1
1.8212988508131087,-1.6517591481792673,0
1.471491972993157,-2.5666584409312976,0
0.14984241398728004,0.41117191801596314,1
2.4204150122474024,0.4348842714636474,0
1.0017453976515072,1.1877250932619365,0
0.9736635113440901,1.241959996813811,0
-0.2292926535523081,-1.5927942597215277,0
-2.3942603049004716,-0.7865657751041687,0
-1.2444717876010754,-0.8887973132309185,0
0.07212950771386951,-0.5294927090638024,1
0.0699195809948253,-1.0762452003187681,0
-0.11688018640852403,-0.9978519832440257,0
-0.7623234580276522,-0.85920601857557,0
0.011451291670654416,-0.2992647038852564,1
0.09212665843410921,-0.8373982238274621,1
-0.734387757391301,0.48509386849711267,1
-1.176200316643433,-0.7776059277482671,0
0.4770351272264581,-0.0005630971229588082,1
0.87654360408152,0.27009543419728654,1
0.03237010072703053,0.14732233048647056,1
-0.5122427290715373,-0.8137727282478777,1
-0.6772741840092779,-0.8016188407684506,0
0.2732040228521227,-1.1394290010915746,0
0.8091213109902438,-0.145810458088816,1
-0.37077816946206166,0.23556987063989387,1
-0.5709436615217945,0.8137636899662105,1
1.6109369950118944,2.549327952607003,0
0.471538522545139,1.0127158178198286,0
-0.3781625540393897,1.2992282977860654,0
1.5750828276087308,0.48866852446730713,0
1.604254361517141,-0.45769943095682564,0
0.8205284754174188,-0.3937411722245721,1
-0.9500220549105812,-0.3390330759005625,0
0.388474200851541,-1.7598157076954657,0
-1.2798409576400205,1.681816619300824,0
0.6255903939673367,-0.3093465397202384,1
-0.8002116966018503,0.6328579146073064,0
0.582655241987707,1.732311605409944,0
-2.134693667476856,0.6172815804922585,0
-0.8881338537336524,-0.35801668807442916,1
-1.3819490313636327,-0.5318774939427574,0
0.48074665890590895,0.4465311760299441,1
0.3135138474501953,0.8381265678943811,1
-0.49174741973013475,0.8928558163229553,0
0.48398229395152703,-0.26082845840458313,1
-2.0501721010310225,-0.04871840193011795,0
-0.05510209904228934,-1.1923953304424335,0
0.09058490690174555,0.6439387932768579,1
0.43963660601699356,0.524187842812771,1
-1.3906854299752562,1.4387054823592311,0
-0.6780715284934992,0.5321293738814383,1
0.22312201840616613,0.6168141996897798,1
0.47752933726679525,-1.1624287801399305,0
-0.010638676618193147,-1.3763874990779479,0
-0.3151743898852239,-1.9345307357131178,0
-0.25197737820688537,0.15256251210246857,1
-0.6162930881921079,-0.022685275325646737,1
0.05641156716957076,0.24537100899533215,1
-0.5007447437569161,-1.6550953431851838,0
0.4287564384616135,1.535755991995992,0
0.44997834134654807,0.5633130735164247,1
0.11922586112739209,-0.5714492191967373,1
1.3035650678080875,0.8402201626941975,0
0.8035850193786016,1.7207698311659838,0
-1.3773156555203674,1.4720145664901334,0
-0.13382296451604114,-1.3748958083699818,0
0.9001845640199633,0.7394126723009475,0
0.3156050035903405,1.2058536208882336,0
-1.615658339320678,0.48206683552552526,0
1.9967308916917865,2.9138624660073296,0
0.7668228717842437,0.12117794929946196,1
-0.6711402773965811,0.31200947155124387,1
-0.3065656212870578,-0.5932201848703592,1
1.0448728124544275,0.06798662605108885,0
0.30383742563756283,-0.09154001941820787,1
-0.4083886272547264,0.038581122980917065,1
0.16439070297730224,-0.3904639494628101,1
1.794370054600359,1.314807871505905,0
0.2528848149698989,-0.5039577414106104,1
-0.44065242156974244,0.03210767397093466,1
1.0892174967107926,1.3276861322676916,0
0.6191711169753933,-0.33925848388401536,1
0.9998242469102946,-1.0585360819784093,0
-2.107192347329688,-0.043133589640907445,0
-0.25665411639975283,0.7501218121369445,1
-0.20903225602742,0.6785239514000281,1
-1.0126838513881617,0.12659671027769356,0
-0.6989304285787463,-1.013717366440399,0
1.0258368428852387,0.0389132069014598,0
-0.9151561158459262,-0.20110465451883033,1
-0.15368510436201774,1.4540501814574582,0
-0.08158776968512098,-1.7056522160155172,0
0.2552134168558746,1.3506251209526567,0
0.3283679728315381,0.17874096328632716,1
1.4451259569265338,-0.07735617982085408,0
0.19838116062643954,-0.7672170685306403,1
-0.6563708935481088,-0.5656387483550389,1
-1.5679304164304986,1.2609373235629844,0
1.191142953088865,0.2627492251471385,0
-1.274618402015506,0.09482685973037566,0
1.2225413386740303,-0.15452948206880215,0
-1.2863933350836971,-1.360258366289327,0
1.274447216941239,-0.6275875364369197,0
-1.2756863233379219,-1.1332872140034806,0
-1.871218116060987,1.8623175613948801,0
0.41197158212675383,1.8594948076233115,0
0.08362107741055723,-0.5561919588491252,1
0.7629264823369366,0.4480993639362036,1
-0.7435882288125641,-0.8222500172903203,0
-1.121431046017255,1.4623552634733608,0
0.8719343665194511,-0.5618065435255897,0
1.1059933699072981,-0.9620911163416273,0
-1.4237344353990602,0.44632214754306365,0
1.5112284332767216,0.637533810897696,0
-0.10266209104063294,1.7982877009230627,0
-0.05378255081832049,1.767929913579883,0
0.13512345186808206,0.45002067342183205,1
-0.26641353407517704,-0.5815939342816051,1
-1.7520985727269711,0.09418305823231217,0
-0.8712160720258142,2.0009631015901537,0
-0.8532433505588201,-0.2873833615491761,1
-1.6012779371188537,-0.7941362900254239,0
-0.41033997334510935,-0.25396267804778105,1
-0.5911034251911056,0.5909063227933546,1
-1.893171161238105,0.21727315822862395,0
-0.7498133382845175,-0.2358293621748528,1
-1.040586052512433,-2.41278033092949,0
0.7242826774562282,0.06300236833469973,1
0.6546595284477861,0.7454989065249826,1
-1.1173841129896078,-0.458675284939333,0
0.8867590544047386,-0.4890774681189237,0
-1.5815943994539423,1.475949048053509,0
1.0491736214413494,-0.9759588161149049,0
0.7957780097442332,-0.4471576573299467,1
-0.5165107421608328,0.9146240539868465,0
-0.5383162028615798,0.24794756085187486,1
-1.3759135886015514,-0.6283711081194786,0
0.15542932766846604,0.35175640839920347,1
-2.2912895085981,0.3043667290302598,0
0.1813142178614196,-0.9114436231372903,1
0.03269522525327079,-1.1183058172065439,0
1.2496652670437771,0.6353711428612774,0
-0.4283278221631072,-0.3521335504882296,1
-0.3044267628566672,-0.4096489283680019,1
-0.6751139521434614,0.40395402073561154,1
0.18405783127156553,0.9626575724868413,1
0.30471707975443135,-1.0399841062404955,0
-1.180000778467259,0.8045703015848366,0
0.0732753145856964,0.03752323233959842,1
-0.10522413425087113,-0.39524414500347166,1
-0.5376625769030224,0.54259446329196,1
1.7853183942247275,0.3573194227106268,0
-0.2608998230008499,0.8399226051327979,1
3.1788536793675353,0.8512855748447891,0
1.5733549024752425,0.3858465525565008,0
-0.0397062823469779,0.4424546049697111,1
-2.280737845371923,-1.4966386899033264,0
1.8206461576468016,0.7307746911386448,0
-0.45138445096439517,0.07201764191705222,1
0.7908017211789892,1.498374440296732,0
-0.16865175340045263,1.0437433977204944,0
-2.107689387614403,0.7692362080371281,0
0.27380384532351953,-0.007116855128515773,1
-0.7619744583102578,0.14862709530283086,1
0.7297156737837084,-1.5870983007982418,0
0.34770845245095694,-0.4070782363503251,1
0.4048550876357089,-1.6052712471325676,0
0.5112218145475347,0.39126465993323495,1
0.3907250260888961,0.5453232619670604,1
0.09048978162787422,0.22822833013890514,1
-0.1440276600546764,0.2900403964835352,1
1.1896220052876432,-0.1530258762062131,0
-0.1697197964203783,0.4137923171902139,1
-0.0613243458288473,-1.052898510703949,0
-0.8631856623442771,1.2935099684593703,0
-0.664626000063131,0.3605916776568414,1
0.2912314168473797,1.4736113922530956,0
-0.28488406638257474,0.19779008194185213,1
1.1129658916602636,-0.24506065119070236,0
-1.342175166370907,-0.40694374877255896,0
1.165307535547177,1.6473939976033294,0
1.7975945224343146,0.516297572101451,0
-1.034308051674399,0.2352761115882635,0
0.5595403706161663,0.5661877585748329,1
0.2437524804016479,-0.15124764674637586,1
0.006016680436071459,0.4483240659731595,1
-0.7969109892966902,0.30197074251927114,1
1.099191555547813,0.6287962936103031,0
0.7908061216900806,0.34464522623605237,1
-0.7978827636184951,0.4277963982471327,1
-0.44856420802835434,0.4523339506431387,1
-2.7779942807285725,-0.34752341219351923,0
0.711226579792855,0.7933472351999252,0
-1.127780764891714,-0.3798065117898951,0
-0.8360571148457872,0.6620815345817527,0
1.2260339099106798,-2.8670549537827434,0
-0.7745100615133954,-0.6189465525913632,1
-0.11394745765487507,-0.840156476962528,1
-1.5510194123480547,0.45301875631217164,0
0.8244270623849798,0.9211507463947922,0
0.8579758812571538,-0.1913043248816149,1
1.5777682049318862,-1.067593769044886,0
0.029423575584972723,1.0287809197455093,0
-2.0078930508046704,0.2667361679766415,0
-0.7794823967254196,0.4303013589575532,1
0.5654604191690931,1.83622583973002,0
-1.093471370461983,0.39699130449884,0
-1.0635597294347174,0.19963501791151453,0
0.10964775457400863,2.4451301450589167,0
-2.0141025948652898,0.7958386552197739,0
1.3060017417068248,0.21938250136385634,0
-1.0973376745470436,0.7007231568595857,0
-0.6366152831022357,0.5411316108045314,1
0.8358078963143372,0.3493506225604296,1
-1.216718418386407,0.8421269591376328,0
1.4253289434703056,-1.6260844886265164,0
-0.7528919172286209,-0.8943460460775288,0
-0.24389611017733773,-2.0974509576101417,0
-1.3226996123544024,-0.9972468276014818,0
-0.8796424273675065,0.6737943936677578,0
-0.6547876954293904,0.44607220148208054,1
-1.350099118126421,1.604229104685014,0
-0.12380929432965958,0.7420289029794906,1
-0.31619770458118795,0.3653637420637676,1
-0.713874824036484,-1.3168302110582415,0
0.7492229272008546,-1.6873476944133516,0
0.7400142363043355,0.6369062833722101,1
-1.4708062945026579,-1.0155790812075416,0
1.1825307417526572,-0.3239847754964302,0
-0.6858526761766428,1.381707593377797,0
-2.344343308418874,0.9427658012252752,0
0.7848440366081351,0.27236975527423984,1
-1.1492039971882941,-1.9081304132252668,0
1.3679074507209708,-0.8521588059655938,0
-0.6719120236796768,1.477393634170035,0
-1.5657590721805144,0.6374709026511215,0
-0.5348113382185579,-1.572528250002441,0
1.9129548077317522,0.46617766219731077,0
-0.6160490255561253,1.025348034257755,0
-0.1474424899181674,1.5882761071492624,0
-0.628066083725374,0.31145283430343956,1
0.33584125693302364,-2.9305943758527757,0
1.3190131977413961,2.809210861229503,0
0.4751280673480088,-0.69193369617461,1
0.9885532424653152,0.040256502000462865,1
-0.2051616888660442,-2.003522292066514,0
-2.964528837841651,-0.5434955079326346,0
-0.3427861508643793,-1.4768578168457318,0
0.45677523755741145,-0.6619259410666513,1
0.2882190630903242,-0.25237412498448336,1
1.3251467288748389,0.33028994561659186,0
-0.5634714254250696,-0.4430121532414673,1
-1.340356208021204,0.7698568930553547,0
0.2893591569571111,-0.35569831557103465,1
-1.674682944704357,-0.4863079090733309,0
0.6152567669685612,-1.7306716055072182,0
0.23216988962625595,-0.555327218819016,1
-0.4121493784569676,-1.8076968597749328,0
0.228770028928938,0.9674662729250108,1
0.06654581585920483,-0.6974238233002769,1
0.2369553887192461,-0.10495815600017268,1
-0.08932040270073452,-1.5980523752767137,0
0.22396742837344774,0.001999356415087233,1
1.193618571856377,-2.1706154097954116,0
-1.492105835472992,0.053457912617474034,0
1.753691026701081,-0.09329864965349177,0
-0.6225401526655531,-1.0717013268617444,0
0.40982845732869266,0.6161346680022383,1
0.22555983951018072,0.9476496098482997,1
-0.3845501100179167,0.661378189891708,1
-0.0870941710525099,-0.30708321833457675,1
-0.08485053166200977,-1.6002058490434774,0
-0.8330367227960116,-0.5577288874952148,0
-0.38863318106681816,1.477393664974669,0
-1.737714595137132,0.20363317870980122,0
0.2959939896870995,-0.37191458132128985,1
-1.993060371054156,-1.296472328074761,0
-0.4116383222162092,1.362642639803341,0
0.25590685010422287,0.6517481414030399,1
0.5154104029008109,-0.5775388873556505,1
-1.9528155300482481,-1.9738338698589637,0
-1.1401609191262305,-1.1195358752705262,0
-1.3263961033185487,-0.023233710850366202,0
-1.5612029221888803,0.5428582244775959,0
-0.8681934306407798,-1.635463248457858,0
-0.5769963713775336,0.3138190201071218,1
0.8279881767970589,-0.29657095353470836,1
0.2898854759184008,0.1572328434361934,1
2.5174740375339204,1.8768446112816701,0
-0.812941095310326,-0.41535726017968533,1
0.06046844811736806,0.25044630026076065,1
2.2995890930373193,0.09074256375217302,0
-0.8690472478647824,0.17739611463694044,1
0.6351509468144043,-0.22222269709877338,1
0.21958492717994416,-0.25870590168573016,1
-0.8065989043073726,-1.2826346502605217,0
-0.18486236354526056,-0.6809295444039414,1
-1.127953023505669,-0.4934013403826786,0
-0.1525225324523588,0.3833938643534951,1
0.5518587715312919,-2.917159880697066,0
0.07203357323257792,0.41389028537269307,1
0.11668580914072822,0.21868859672901295,1
-1.8314060842151236,-0.3356073681186462,0
-0.8537592225874118,0.4597059550149875,1
-2.414107851031037,0.6483940112387127,0
-0.18595667718604886,-0.713553981370355,1
1.9975141778047627,0.13234650640267256,0
-1.6873344339580298,-1.4471124724230873,0
-0.033294739516937566,-1.1619344063800876,0
-0.11863832610988256,0.2858261396025429,1
-0.7804334546444512,0.5098207077761179,1
-0.11754216732813036,0.829519042024073,1
-1.355813971126554,-0.7945994551250549,0
1.79756116664464,0.8942133285134095,0
-0.21173380254439425,0.4987194410697233,1
0.014527881937568883,0.6901044247640123,1
2.1284697324351645,-0.8213866792243861,0
-0.37494468984913537,0.37305231843417824,1
1.1712470934673194,0.7508689887312598,0
0.4675093422520456,-0.8592924628832382,1
0.05348162682190022,-2.0844021549884744,0
0.8605297079614455,1.5588162477990857,0
0.393376870254097,-1.3969620577511315,0
-0.00463297222434532,1.0455322747896802,0
0.14593829414477413,-0.017037889337463016,1
1.3361861000121709,1.2479499850594318,0
0.8780585789081998,-1.3730030168855392,0
-0.4703726542927955,-0.6388778482433419,1
-0.23817374397466523,-0.2663874900089551,1
-0.3618325370843415,-0.48975018290120914,1
0.9629605732494478,-0.7246110515177244,0
-0.17383770009461635,-0.7295771941356465,1
0.7618547740424635,1.1755065765087795,0
-0.33732516206850605,-0.1420032144075213,1
1.0473152860737585,-1.3976861631184037,0
0.3240125241899799,-0.7601900886189056,1
0.602652446306499,-0.18249984265026167,1
-0.6760173056813688,-0.862317959475543,0
0.1706250785397928,-0.5604494688030756,1
0.189843392837443,-1.4548224852577891,0
-1.3468025487795656,0.21066687772462028,0
-0.819753928770844,0.11135042939811132,1
-0.30261975947044656,-0.4827901587246448,1
-0.9228864418952676,1.461178866720329,0
-1.0307170319323398,0.07041912732728889,0
-0.09728659841348947,2.093168308930595,0
0.940289464883589,0.8659686384171532,0
0.19242111776818133,1.1320522884141782,0
-0.11916883732792043,1.1695381472938837,0
-0.05841124385868244,0.08398100331445427,1
1.579091256410435,0.15999161357343825,0
0.2230797426252751,1.4332145066061728,0
-0.03561073619009093,-1.3647416522015654,0
-1.7652203153028492,0.9738190717173091,0
-0.5595722860494895,0.46508020950030626,1
0.5511917287016942,0.39550910636250813,1
0.8056786392425009,0.6774013686923024,0
-0.09087092962596285,-0.03083251408418433,1
1.4550455762707113,0.13148581680545218,0
-0.4698365084987269,0.43545833595741784,1
0.23544836830993032,1.6111161484996208,0
-0.9820194198303006,-1.4422991355594112,0
0.039693526597561826,0.960734307594464,1
-0.2546081697660301,-1.5073256477730475,0
0.9885318628514624,0.3645250379928023,0
1.709943954012071,2.2676442038992546,0
0.4127326115959884,0.43082100300788273,1
-1.3102967497654392,-2.037728507734718,0
-0.9194522860016113,0.49716074405376404,0
0.10948535944708751,1.1250439217080253,0
-0.1322286565311721,-1.2442058788608694,0
0.8705556094197265,1.47927451067423,0
0.23694861154594976,-0.08344878322659362,1
-1.281069206845832,-0.42360660646083825,0
-0.9008969953045751,0.5239509541926708,0
-0.41092723083373717,1.1062887100598888,0
1.8373866754875203,-0.3359392250401477,0
-0.04257862104444418,0.07859870611503737,1
0.450317278043813,0.003108550185636745,1
-0.1586348370386883,-1.0356537528258116,0
-0.5836803568061814,-0.5284261311155256,1
-0.8781523669287508,-0.33412344070081207,1
-0.6139768013928971,1.4511788490210642,0
0.23682611678802748,1.9029074622741677,0
-0.04955883755158271,-0.11549887929893475,1
0.7138201364823995,0.2416445216767513,1
-0.3117463308224471,1.0493396105434072,0
-0.7148765618975097,1.3120252622199142,0
0.3997742267234366,-0.9054790553600608,1
-0.08879644771250095,0.0037962516214591325,1
0.21530262994151197,-1.0245289129130064,0
0.8403081374573955,-1.7273204231923487,0
1.743934526167792,0.43899315873829875,0
-0.15450567924990047,-0.695942611670703,1
-1.023497492621865,0.17927563495631615,0
-0.8658311156932432,0.9682783545914808,0
1.484918786733851,-1.0582810508376372,0
-0.2863661358651756,-0.5860516399755586,1
1.3357843363202329,-0.19134398669506028,0
-0.48403013157267616,2.242920312402985,0
1.3638503249326897,-0.23665882465190033,0
-1.2490599706780527,0.4102120156795513,0
0.7472720511434552,0.05741007143815779,1
-1.7577283913566313,-1.4670452453909906,0
0.7287142340743459,-0.5766472922336929,1
0.37438645170626306,0.6319814837613953,1
-2.214187371043003,0.34572657980157995,0
0.20338824061994343,-1.0085360419431078,0
-0.31910659701089783,0.21723119481052466,1
1.403821392066557,-0.4425357118921839,0
-0.5865850850709007,1.43530015664544,0
1.1273547616424222,0.09760399249544019,0
-0.7859766079313554,-0.28987561547486984,1
-1.3981096597988507,-1.5436252025220816,0
-0.5279176373243135,-0.001392651443348899,1
-1.176614719429302,-0.8374634040851927,0
0.6502490055783642,0.5935546949055667,1
0.30155230681290407,1.0155152164829295,0
1.4873982896858626,-0.27167438368729224,0
-2.132046280731309,0.2677114623438358,0
-0.31048397619594376,-0.2862229498406692,1
0.37797099799469847,0.4525384189795919,1
-1.8618451532425115,0.029109946576669203,0
1.1913896402914144,-0.6962120515798997,0
-0.28279574914757005,-0.10618193062257626,1
0.8091947318531727,0.09543903848773612,1
-0.4144730658358585,0.6339103777337424,1
0.012053180601825543,0.20279727689777938,1
-0.27514225122668373,1.4949413112343959,0
0.7019536262212701,0.13824143205868192,1
-0.9024230947925126,-0.3423409386638824,1
-0.16615784194973238,1.8821748802040494,0
0.14141947334054417,-2.325371374874287,0
0.33757454879893356,1.4074818613137168,0
0.21999668397176517,1.3591875752404365,0
-0.47177603363833576,0.45938577171661177,1
0.95205365313989,-2.2517772906190467,0
0.030631492594417446,-0.4841694333335785,1
1.7187950030498593,-2.3196107267512183,0
-1.0450437095863023,-1.021045160678322,0
0.053155347577867364,8.439309141418043e-05,1
0.3407914080021059,-1.7836111297141835,0
0.3330703726182551,-0.0258628479538564,1
-0.39457285186939384,-2.1291978892000176,0
2.3869517995739225,-1.1001355537243058,0
0.7823503424176613,-0.19065105750515945,1
0.816775867200791,0.6250852012481537,0
-1.0308137202711538,-0.056954541213528984,0
1.1195006808029162,0.29691587073611253,0
0.30962008190916684,0.5895468860356021,1
-0.2020832453894041,-0.5778941080776558,1
0.3896917053200022,0.10255318372626686,1
-0.9701495196514126,-0.8876956557145598,0
-1.404269098090749,0.3310401549961956,0
-0.2937789201521298,-1.0721330214268592,0
2.2292736105559734,0.9954902829453182,0
-0.6222074452947179,2.0602981705240784,0
0.6556180611713827,-1.0846106224362382,0
-1.9215045305486382,1.1289911009620173,0
1.1774118889776937,0.4390866789295762,0
0.7248546715562,1.4221063499235564,0
1.0190436932417624,1.030195403152731,0
-0.542557820111825,0.46221248901062467,1
-0.8515371891857679,0.6655852363134291,0
-0.7517558478135002,0.39703330001549114,1
0.5795611424764774,0.5245073752860862,1
2.008755386185139,-0.959427753141868,0
-0.22385881688049952,0.2424967912712216,1
1.2769808321980434,-1.001291432756544,0
-0.2511025880369125,-2.4807085099845416,0
-2.4363756632473224,-0.9834159786590306,0
0.4788755385204616,-1.5356420699261193,0
-0.3509523822179781,-1.0222802816473295,0
0.6409907193949733,-0.11316840972889723,1
-0.4117494176846493,-0.3635832903067989,1
0.6712280116136986,-0.774651856262063,0
0.21160973279505021,0.8863939595679524,1
-1.4821853974428207,-2.3336161198483047,0
-0.5378113463571395,1.2284208122801512,0
-2.4508721285400865,-1.4176841701595697,0
-0.7072645299514636,0.9689978702758579,0
0.03104720048855424,-0.2520628154033563,1
0.02512871121603335,-0.21993579526633558,1
0.0679131691693355,0.5481283796421961,1
-0.8450453279691511,-1.0836988273580606,0
0.13076418791154437,0.823753131876182,1
-1.0518872728984137,-0.14428437852025486,0
0.3636981503429628,-0.21802912810442213,1
-1.3683342975511175,-0.18955551153927852,0
0.9080628435179854,-1.2026965859010301,0
0.02658534132609864,0.5705370361384854,1
-0.7253915220079754,-0.6284847301367896,1
0.27384239830845625,-0.3007645848467349,1
0.3398753611927038,0.31604787064428624,1
-1.7191611338760466,-0.4035921185193341,0
-0.317438554837682,-0.16465102754395128,1
0.2294817154636063,0.7355830924283736,1
-0.7630572096947675,-1.112411471983418,0
0.9243577571874341,0.03461187418525562,1
0.9672992358427723,1.516792657139248,0
-0.327305430255024,-0.1480724045477542,1
-0.41884874392503835,2.2297318414095484,0
0.7949322529156275,0.1803639430263982,1
0.38288573638504947,-3.6484128252147836,0
0.8567939825665268,0.8418200668900618,0
-0.6935061645722808,0.8310318576679744,0
-1.0405439391575344,0.47469708846320197,0
0.9282969915684843,-0.605000712808731,0
0.1697065451428121,-0.43905391010493766,1
0.2819558673941572,-0.6986804359848298,1
0.3140772238697992,-0.24576150001290142,1
1.3634287120856987,-1.8807984279740577,0
-0.9651167622323719,-0.7252260645357532,0
1.2873311116050654,1.0999796503420836,0
-0.40526926544933184,-1.9368380406201853,0
0.9957013858999235,1.0592237388963208,0
-0.7121020418789388,1.370540988614132,0
-0.005121866720071296,-0.16344289852451258,1
0.3415086855368029,-0.012938768103588062,1
0.3446049047503575,0.379280034365163,1
-0.3762121037834645,-0.507105280428242,1
1.6678876111195198,-1.1037406977820072,0
-1.0644727461261723,-1.8283953114415024,0
0.2825869829192965,0.7673172404612268,1
-1.5670582502354382,-0.724342519408201,0
1.785168402072131,1.1360486835554284,0
0.8789540277008926,-1.4973731700945367,0
-1.0933238578873825,0.2889166671687069,0
0.5502024960264408,-0.7030690808978022,1
-0.8633452647393817,-0.14752868024035293,1
-1.247317469694169,1.1208406514031668,0
-1.157464632233422,-0.9653511948087635,0
0.061704634050368024,0.037227836421576635,1
0.16432065938191598,-0.640490071855426,1
1.067222416571983,-0.3314881720972547,0
-0.8244812156912396,0.6505927878247011,0
0.9861363169607678,-0.5577713459894236,0
0.11458443702387822,0.32994353865726456,1
-0.27089362707093734,-0.23613009177798555,1
0.3364009386898723,-0.9158234772964378,1
-0.3255450115195318,0.5098982484765356,1
-1.18707042637437,-0.3632606475688056,0
-2.147289029738655,-0.16266592054490767,0
-1.5609583529944429,-0.29732336269763543,0
-0.159648307422017,-0.652916144664712,1
-0.38980980315576796,-1.3766861475563088,0
0.044212378104198057,-0.20291398479554773,1
0.14242573607056525,0.6904853540677682,1
-0.292171185803555,-0.10348826806596086,1
0.5381154370039261,1.3373981074427437,0
0.23440089269869593,0.2703432392817259,1
-0.23685026450968424,0.17651242137244696,1
0.1020312972405742,0.07898871634000969,1
0.6985663453715051,0.10192588737265744,1
0.1627530651050056,0.5862223313592781,1
0.385037937656101,0.5565334427512632,1
-0.6542832766875555,0.4278904406949172,1
-0.18992384102225704,-1.1133880419218483,0
-1.6583355655822452,-0.007904515373236347,0
-2.5016998441596545,-1.7039928626103755,0
-1.6828697716158048,-0.33488502998577485,0
-0.09617893692333225,1.1280188573493026,0
-1.1958396455890397,0.4869724807855818,0
0.2689134476786009,-0.6196659341286136,1
-0.1566378976580904,-0.040762526135434025,1
-1.3204889841570373,0.8546857301355617,0
1.0762401574663856,-0.8456610327673472,0
1.9050602140644701,0.035576476984624864,0
-0.5817213492022466,-0.365469594114225,1
1.6168743984986076,0.13102711619341956,0
1.2217286662175928,0.64455841198398,0
-1.2348130869114786,1.4423047911862443,0
-0.7215580335428474,0.316494261673308,1
0.6029369437552222,-0.13002606149848983,1
-2.3442978937886774,1.5904522979160232,0
0.4325944517261522,0.06191648367995918,1
0.7517964658354561,0.12862159249126584,1
1.2449473786464456,-0.4313394382395105,0
-1.1173276020512748,0.414616285026703,0
1.1985198365166936,-0.1703884233561112,0
-1.6855973173848082,0.5380344399282511,0
1.7713412422676835,-0.09844600230787963,0
1.2645398093380364,-1.4217636493445729,0
-1.9510351886538364,-1.302179506862318,0
-1.6919626491697632,-0.01756282647744591,0
0.3227974640932481,-1.1500854941523635,0
-1.2417555288783926,-0.20406858443884895,0
0.2788642846472388,-1.0078929496235447,0
-0.6443671202130229,-0.06025184640128695,1
-0.6560549366409674,1.2262929556489497,0
-1.0824271973882869,-0.15105187760692926,0
-0.23412553728291255,-0.18838412726438336,1
-0.42725264633653426,0.15853969107671423,1
0.2582288233226952,1.5647180216699044,0
-1.5720402556532407,-0.06695317289820084,0
-0.36824895678803055,0.34155555094050954,1
-1.062414411859563,-0.5294394273660737,0
-0.9208503978091276,0.8550193242972788,0
2.905067169240407,-1.1715666288253417,0
-1.4571558198556664,-0.31967121635730134,0
-0.8942073519794773,-0.26307342445635284,1
-0.28436383804009513,0.18532564941538202,1
-0.5545724056404471,1.0713045389296156,0
-0.3123554416558699,1.3581210958672605,0
0.006339062362268442,2.5976737265958323,0
-1.0967855784546396,1.836913528321314,0
-1.5006694027818388,-1.0254101277779044,0
0.24165971982083806,-1.7749620596421283,0
0.278143726454627,0.15811908490510918,1
1.0684715559890383,0.23287802013716835,0
0.8662252008585286,0.7324278097628383,0
-0.9849949277244419,-0.4555278450034305,0
0.7562481636298061,0.37884260345839443,1
-0.056783194392691534,-0.17040758116420443,1
-0.23583424381418136,-0.3066972878259372,1
-0.8761099242279576,-0.22645458454413847,1
-1.7567217824785826,0.32799548371410964,0
-1.9908119951239978,-1.495060830227205,0
0.2726452634321288,-0.5614830267828836,1
0.777609530278536,-0.8094863188927663,0
0.3365831266054347,0.4249658974361492,1
0.3270098687893148,-0.7925258304579145,1
0.6062911561087082,-1.3383824113238445,0
1.579185502981632,0.4945566553228533,0
-0.5495526211300829,-1.122768432270995,0
0.06603069756121605,1.1272412069680329,0
1.08528700444591,0.36653140723722993,0
-2.409921965799875,-1.1563476602653329,0
-0.20294194367537022,0.37604436962261134,1
-0.5997494491188647,1.620070309136051,0
-0.013646791795296761,0.701663648089567,1
0.9993363324744892,0.09741341295778198,0
1.6835862095380225,-0.5309765045557148,0
-0.6120967990598081,-0.14079088641638526,1
-1.1269879102008638,1.328631066849436,0
0.01142605556065933,1.3289605904369892,0
0.32084964632460716,0.2386007909284437,1
-0.31728672525244067,-1.466185982469542,0
0.42022670947458574,-0.10239670661109637,1
-1.9369669327054153,0.6665726686095336,0
-0.456809980738664,0.10144743065004946,1
-1.4634420018370031,-0.5907070139634865,0
1.114592444577377,0.3833771131824704,0
-1.4535992799316308,-1.2623892988571654,0
-0.6655097072886943,0.23216132306671977,1
1.2141898289285016,-2.672834433102938,0
-1.0350781140406409,-0.01208465078826744,0
-0.2931915866487618,1.9372311624295169,0
1.9337934851881868,1.960484600783027,0
0.0693811351327787,0.1601905933170753,1
-0.9997122286693814,-1.0415876326212719,0
0.6433267946890444,-0.3946051228595896,1
1.4671812507090423,-0.11420989177783689,0
-1.0937370617166706,1.0269057463206197,0
-0.013415786924808768,-2.2604147573378524,0
-1.7332091032089831,0.862000050412134,0
-0.9547918171308215,0.973894128217401,0
-0.2040695150484347,-0.49165561496548443,1
-1.6022595410589253,-1.2516472141061394,0
-2.180210064489474,0.03605992679779541,0
0.49076670899381886,1.2003062582593216,0
-0.42446270978189776,1.0788790390297387,0
0.43442364354585733,0.2377356023322779,1
-0.8165751074555749,-1.146832082167441,0
-1.268013916843997,-2.7496760196305754,0
-1.4481272594150476,-0.0679802559844049,0
-0.38318732113598775,1.4614442922422022,0
-0.7260150977009768,-0.28060044683806395,1
-0.1715645102163482,-1.559383235305609,0
0.28911939868998415,0.6312882258385404,1
-0.42329831204415375,-0.07971821090639905,1
0.5555820886501248,-0.6221677002542582,1
-1.8779887659659078,-1.074766013817714,0
0.7432541712034423,0.543154268305195,1
0.9874051450464006,1.157507758021134,0
1.0249216931253993,-0.16395350002699655,0
-1.4944056198193065,0.6991967316948878,0
-0.3796764708481731,-1.8028561964178826,0
-0.3630538465650718,-0.3817378939983291,1
0.5872591668027922,0.3194002637912288,1
-0.43998770452970876,-2.95561882434507,0
-0.19076046033454871,-0.1627989966326071,1
0.09152017817320818,0.5807770953297967,1
-0.6397515327497477,-0.9265759414055249,0
-0.25583207134082336,-0.7421920939974367,1
0.7504511958064572,0.9405647163912139,0
0.001339846754486929,1.4729535721895743,0
-0.37171669658569495,-0.8931306215848627,1
0.17017694319193222,-0.46212707517244556,1
-0.3487250722484376,-0.46235179266456716,1
0.9086013598921112,0.031085587771152785,1
0.3877031412620148,-0.16692793010856513,1
-1.0719625522902192,0.4550237203475199,0
2.2816328772760617,0.2975110711855549,0
0.09947747301573849,-0.08610065182104851,1
-0.7290838377436085,-0.6541464400677965,1
-0.9964186260023896,1.2329019341026966,0
0.6978168390000047,0.11061312257867771,1
0.4109825769008753,0.7825588257151592,1
0.5983470470748828,0.5196605733465026,1
-1.8919462533119105,-1.958591440397031,0
1.7289953408857035,1.359220600295612,0
-0.4564711442247224,1.1322345721792477,0
0.6653851089727862,-0.09848548450942361,1
0.10469002988812601,1.6965866829708507,0
0.9814797493081158,-1.16482809646104,0
0.653244883281227,-0.2767000900857134,1
-1.2279998808224974,-0.9265331111571506,0
0.10788044434303304,1.309550684860527,0
0.20230619183119358,0.8443851904853201,1
1.6017788913209154,-0.23935562747302427,0
-0.5944003521987352,-1.4805365125650163,0
-0.6161927399906946,-1.194365480724459,0
-0.2322693299242352,0.07571328795683367,1
0.4144094332759964,-0.9895381200318641,0
1.4633028912195618,-1.188763054322851,0
0.5065831541902538,-1.3118031657772113,0
0.3750621518923401,1.0778433557451819,0
-1.686468151234102,-0.8262294663639526,0
-0.2143751097051141,-1.4419787356400129,0
-1.1953589742981028,1.3249556793816308,0
-0.33445617235587666,1.3000445946989585,0
1.723665720783297,-0.17951921328260065,0
0.8638280136981883,-0.3285252231228939,1
-0.10973418163018368,0.35272016302634307,1
1.1903057035101177,-3.047632565352754,0
0.838489203736345,-0.9029271780870264,0
2.052684981945891,0.17196033243705985,0
-0.7123370644127087,-0.8795096286589426,0
-0.9402212089257169,-0.6348131639714567,0
-0.45498348034078,-1.2256057637672482,0
-0.059282646025932216,-0.7292869363736615,1
0.4389910293888949,-0.5267153919462082,1
-0.506602695971203,1.2728827687546636,0
-0.1034201135746335,-0.02798245653021798,1
-0.18417574651522164,-0.2701551293370962,1
-0.5831150723026911,-1.0172243411016413,0
0.614270438357064,0.7538550699336822,1
0.03091727803269891,-0.11761085542512094,1
-0.6300825102556694,-1.0571548741382744,0
-0.05493486620291775,1.1326898205195888,0
0.3139082114575536,-0.8333688059494058,1
0.43476607446661863,-0.37615607123009925,1
-0.016801157504288795,-0.85304392757358,1
-1.0323970195548475,2.309844422090078,0
0.4730871980274752,-0.3842459128805702,1
-0.36177047744417123,-0.9411220959249583,0
-0.227419412643884,-1.6150508905847878,0
0.3905305963195172,1.4011862750338961,0
0.8793979748628286,0.7777919354289483,0
-1.107045682043488,-0.8947270189558264,0
-0.9556251674013979,0.4375122486198699,0
-0.7286104852595274,0.7715332597619193,0
0.35203447180292424,-0.9886271494346061,0
-0.16493777539621862,1.2884442493182524,0
0.7119770229910514,-1.18147906792882,0
-2.310103436632644,0.054353585390382264,0
-0.8062818206846841,-1.3602434375921744,0
0.24766590110894313,-0.1792266254497549,1
1.9510125601262995,2.076980529053753,0
-2.107953341777443,-0.3644382522644612,0
-0.008794689485571452,0.513199811077181,1
-0.5339002383735546,-1.06975241128969,0
0.6643536742399312,0.93263884299112,0
0.3662095977839374,0.41747195874201454,1
2.710745527218326,-0.2138045580904907,0
-0.4304583334619581,0.796544030519997,1
-1.5147547757935393,0.8291210710660528,0
-0.32626200502304,1.4274852836845047,0
2.325779791881685,1.5164401005894037,0
0.5484279208297995,0.18797358748610446,1
-1.4271364021862412,-1.767622112939381,0
0.002993291199955732,0.34020997686833787,1
0.13027452147288585,0.9827395110230576,1
